Company,Old FV,New FV,Split Date
Trident,10,1,13-12-2019
Rammaica,10,5,28-11-2019
Guj Cotex,10,5,22-11-2019
Himalaya Granit,10,5,08-11-2019
IST Ltd,10,5,01-11-2019
Amalgamated Ele,10,5,24-10-2019
Satia Ind,10,1,15-10-2019
PG Industry,10,5,14-10-2019
HDFC Bank,2,1,19-09-2019
Prime Industrie,10,5,12-09-2019
Master Trust,10,5,26-08-2019
Seshasayee Pape,10,2,19-08-2019
Sinnar Bidi,10,5,30-07-2019
Apcotex Ind,5,2,04-07-2019
Cholamandalam,10,2,14-06-2019
Ekam Leasing,10,5,14-06-2019
Jullundur Motor,10,2,14-05-2019
Orient Trade,10,2,07-05-2019
Madhav Copper,10,5,02-05-2019
Dhanleela,2,5,12-04-2019
Generic Pharmas,10,1,11-04-2019
Lesha Ind,10,1,11-04-2019
Woodsvilla,10,5,04-04-2019
Sai Baba Invest,1,10,28-03-2019
ISGEC Heavy Eng,10,1,28-03-2019
Kedia Construct,10,5,14-03-2019
Nitin Castings,10,5,14-03-2019
ISL Consulting,10,5,08-03-2019
Jam Shri Ranjit,10,1000,21-02-2019
Music Broadcast,10,2,20-02-2019
The Indian Wood,10,2,15-02-2019
Sadhana Nitro,10,5,29-01-2019
Comfort,1,10,24-01-2019
Gujarat Gas,10,2,15-01-2019
Acrysil India,10,2,10-01-2019
Company,Old FV,New FV,Split Date
Sayaji Industri,10,5,27-12-2018
ORIENTAL AROMAT,10,5,13-12-2018
Britannia,2,1,29-11-2018
Mangal Credit,1,10,26-11-2018
Brijlaxmi Lease,1,10,15-11-2018
Oriental Veneer,10,1,14-11-2018
Sakuma Exports,10,1,12-11-2018
KIC Metaliks,10,2,02-11-2018
Mishtann Foods,10,1,01-11-2018
DFM Foods,10,2,01-11-2018
HICS Cements,10,1,01-11-2018
Jindal Worldwid,5,1,31-10-2018
Damodar Ind,10,5,25-10-2018
Frontline Sec,10,5,22-10-2018
Colorchips New ,1,10,22-10-2018
IEX,10,1,19-10-2018
Apollo Sindoori,10,5,12-10-2018
Unimode Oversea,1,10,11-10-2018
JMC Projects,10,2,04-10-2018
Kirloskar Pneum,10,2,26-09-2018
Captain Poly,10,2,19-09-2018
Generic Eng,10,5,17-09-2018
Zensar Tech,10,2,07-09-2018
Thirumalai Chem,10,1,14-08-2018
Airan,10,2,14-08-2018
Signet Ind,1,10,13-08-2018
DIL,10,5,08-08-2018
Gallantt Ispat,10,1,07-08-2018
Otco Intl,10,2,10-07-2018
Shrenik,10,2,09-07-2018
Filatex India,10,2,27-06-2018
Avanti Feeds,2,1,26-06-2018
Container Corp,10,5,26-06-2018
Uniply Ind,10,2,25-06-2018
Vikas Proppant ,10,1,22-06-2018
United Spirits,10,2,15-06-2018
Swadeshi Ind,1,10,14-06-2018
B C Power Contr,10,2,14-06-2018
Lumax Auto Tech,10,2,07-06-2018
Gaekwar Mills,100,10,31-05-2018
Gala Global Prd,10,5,10-05-2018
Citurgia Bioche,10,2,26-04-2018
NBCC (India),2,1,25-04-2018
A Infra.,10,5,20-04-2018
Phillips Carbon,10,2,19-04-2018
Foods and Inns,10,1,19-04-2018
Shivalik Rasa,10,5,19-04-2018
Think Ink Studi,10,1,17-04-2018
Amrutanjan Heal,2,1,13-04-2018
Atharv Ent,1,10,12-04-2018
Ruchika Industr,10,5,10-04-2018
Marathon Realty,10,5,05-04-2018
India Nippon,10,5,21-03-2018
SRS Finance,10,1,09-02-2018
Singer India,10,2,17-01-2018
Super Crop Safe,10,2,04-01-2018
